# Band transmittance, 8-14 um weighted by Planck at 288 K, of a horizontal path at 12 m.
#
# LOWTRAN 7 (Kneizys et al., "Users guide to LOWTRAN 7", AFGL-TR-88-0177, 1988),
# midlatitude summer (MODEL 2), 5 cm^-1 steps, maritime aerosol (IHAZE 4) at each
# meteorological range, or none. Run with `lowtran` on PyPI, whose Python entry point
# fixes card 2 at IHAZE 0; it was patched to read IHAZE and VIS.
# range_m,none,vis_50km,vis_42km,vis_35km,vis_23km,vis_10km,vis_5km,vis_2km
10,9.793792e-01,9.792747e-01,9.792512e-01,9.792218e-01,9.791300e-01,9.787781e-01,9.781583e-01,9.763064e-01
12.4295,9.764456e-01,9.763162e-01,9.762869e-01,9.762506e-01,9.761366e-01,9.757007e-01,9.749331e-01,9.726397e-01
15.4493,9.730771e-01,9.729170e-01,9.728810e-01,9.728359e-01,9.726949e-01,9.721552e-01,9.712048e-01,9.683666e-01
19.2027,9.692078e-01,9.690095e-01,9.689648e-01,9.689092e-01,9.687345e-01,9.680666e-01,9.668907e-01,9.633809e-01
23.868,9.647602e-01,9.645150e-01,9.644597e-01,9.643906e-01,9.641748e-01,9.633488e-01,9.618949e-01,9.575583e-01
29.6667,9.596455e-01,9.593423e-01,9.592740e-01,9.591889e-01,9.589221e-01,9.579015e-01,9.561057e-01,9.507526e-01
36.8742,9.537618e-01,9.533874e-01,9.533033e-01,9.531980e-01,9.528686e-01,9.516087e-01,9.493924e-01,9.427927e-01
45.8328,9.469919e-01,9.465299e-01,9.464261e-01,9.462963e-01,9.458899e-01,9.443363e-01,9.416047e-01,9.334794e-01
56.9679,9.392015e-01,9.386325e-01,9.385045e-01,9.383446e-01,9.378440e-01,9.359307e-01,9.325683e-01,9.225815e-01
70.8083,9.302382e-01,9.295381e-01,9.293807e-01,9.291840e-01,9.285683e-01,9.262151e-01,9.220833e-01,9.098330e-01
88.0112,9.199294e-01,9.190693e-01,9.188760e-01,9.186342e-01,9.178782e-01,9.149897e-01,9.099221e-01,8.949304e-01
109.394,9.080803e-01,9.070259e-01,9.067888e-01,9.064927e-01,9.055659e-01,9.020275e-01,8.958262e-01,8.775314e-01
135.971,8.944744e-01,8.931846e-01,8.928947e-01,8.925322e-01,8.913990e-01,8.870746e-01,8.795068e-01,8.572556e-01
169.005,8.788721e-01,8.772984e-01,8.769446e-01,8.765025e-01,8.751208e-01,8.698509e-01,8.606443e-01,8.336895e-01
210.065,8.610125e-01,8.590981e-01,8.586679e-01,8.581305e-01,8.564505e-01,8.500503e-01,8.388919e-01,8.063948e-01
261.1,8.406162e-01,8.382956e-01,8.377745e-01,8.371235e-01,8.350887e-01,8.273461e-01,8.138822e-01,7.749265e-01
324.534,8.173900e-01,8.145889e-01,8.139599e-01,8.131744e-01,8.107209e-01,8.013982e-01,7.852377e-01,7.388573e-01
403.38,7.910350e-01,7.876703e-01,7.869154e-01,7.859725e-01,7.830288e-01,7.718645e-01,7.525885e-01,6.978193e-01
501.381,7.612597e-01,7.572410e-01,7.563398e-01,7.552149e-01,7.517045e-01,7.384207e-01,7.155985e-01,6.515547e-01
623.192,7.277955e-01,7.230279e-01,7.219595e-01,7.206265e-01,7.164698e-01,7.007847e-01,6.740010e-01,5.999892e-01
774.597,6.904204e-01,6.848087e-01,6.835526e-01,6.819857e-01,6.771048e-01,6.587505e-01,6.276464e-01,5.433172e-01
962.785,6.489894e-01,6.424453e-01,6.409823e-01,6.391582e-01,6.334831e-01,6.122340e-01,5.765620e-01,4.820989e-01
1196.69,6.034718e-01,5.959233e-01,5.942383e-01,5.921389e-01,5.856166e-01,5.613263e-01,5.210234e-01,4.173553e-01
1487.43,5.539968e-01,5.454012e-01,5.434862e-01,5.411022e-01,5.337091e-01,5.063581e-01,4.616314e-01,3.506370e-01
1848.8,5.009054e-01,4.912654e-01,4.891230e-01,4.864585e-01,4.782141e-01,4.479654e-01,3.993844e-01,2.840348e-01
2297.97,4.448029e-01,4.341854e-01,4.318326e-01,4.289103e-01,4.198938e-01,3.871507e-01,3.357280e-01,2.200870e-01
2856.26,3.866059e-01,3.751591e-01,3.726321e-01,3.694982e-01,3.598631e-01,3.253179e-01,2.725532e-01,1.615462e-01
3550.19,3.275652e-01,3.155341e-01,3.128906e-01,3.096186e-01,2.996030e-01,2.642604e-01,2.121110e-01,1.109935e-01
4412.71,2.692491e-01,2.569807e-01,2.543010e-01,2.509920e-01,2.409190e-01,2.060714e-01,1.568128e-01,7.034724e-02
5484.79,2.134658e-01,2.013983e-01,1.987819e-01,1.955608e-01,1.858230e-01,1.529560e-01,1.089101e-01,4.039813e-02
6817.32,1.621096e-01,1.507401e-01,1.482978e-01,1.453026e-01,1.363253e-01,1.069430e-01,7.009172e-02,2.056288e-02
8473.59,1.169396e-01,1.067665e-01,1.046068e-01,1.019706e-01,9.415487e-02,6.953566e-02,4.109737e-02,9.029653e-03
10532.2,7.931595e-02,7.076221e-02,6.897295e-02,6.680208e-02,6.045295e-02,4.138513e-02,2.149688e-02,3.308724e-03
13091.1,4.995448e-02,4.328366e-02,4.191418e-02,4.026517e-02,3.552414e-02,2.210571e-02,9.772199e-03,9.709926e-04
16271.5,2.876711e-02,2.401978e-02,2.306806e-02,2.193299e-02,1.873899e-02,1.034012e-02,3.737046e-03,2.169134e-04
20224.7,1.486001e-02,1.183889e-02,1.125123e-02,1.055875e-02,8.662059e-03,4.107910e-03,1.154525e-03,3.463675e-05
25138.3,6.724284e-03,5.047756e-03,4.733906e-03,4.369650e-03,3.405163e-03,1.334262e-03,2.740215e-04,3.655363e-06
31245.7,2.588365e-03,1.801896e-03,1.661676e-03,1.502022e-03,1.096824e-03,3.379061e-04,4.694530e-05,2.311615e-07
38836.8,8.173212e-04,5.171626e-04,4.668725e-04,4.109768e-04,2.764283e-04,6.290676e-05,5.373833e-06,7.747556e-09
48272.2,2.024430e-04,1.135223e-04,9.976089e-05,8.492283e-05,5.148484e-05,8.001743e-06,3.735617e-07,1.179926e-10
60000,3.722136e-05,1.791914e-05,1.522040e-05,1.241948e-05,6.603690e-06,6.351174e-07,1.401266e-08,6.737091e-13
